{"cameraMode":{"drawMode":0,"name":"Shaded","section":"Shading Mode"},"sceneLighting":true,"audioPlay":false,"sceneViewState":{"m_AlwaysRefresh":false,"showFog":true,"showSkybox":true,"showFlares":true,"showImageEffects":true,"showParticleSystems":true,"showVisualEffectGraphs":true,"m_FxEnabled":true},"in2DMode":false,"pivot":{"x":92.14900970458985,"y":-19.511127471923829,"z":-64.37854766845703},"rotation":{"x":0.019047701731324197,"y":-0.9726837277412415,"z":0.08630705624818802,"w":0.2146662324666977},"size":166.00291442871095,"orthographic":false}