{"cameraMode":{"drawMode":0,"name":"Shaded","section":"Shading Mode"},"sceneLighting":true,"audioPlay":false,"sceneViewState":{"m_AlwaysRefresh":false,"showFog":true,"showSkybox":true,"showFlares":true,"showImageEffects":true,"showParticleSystems":true,"showVisualEffectGraphs":true,"m_FxEnabled":true},"in2DMode":false,"pivot":{"x":3.2782554626464846e-7,"y":2.185811996459961,"z":-0.05379312112927437},"rotation":{"x":0.13301143050193788,"y":-0.1153736263513565,"z":0.015588399954140187,"w":0.9842576384544373},"size":3.604220390319824,"orthographic":false}