{"cameraMode":{"drawMode":0,"name":"Shaded","section":"Shading Mode"},"sceneLighting":true,"audioPlay":false,"sceneViewState":{"m_AlwaysRefresh":false,"showFog":true,"showSkybox":true,"showFlares":true,"showImageEffects":true,"showParticleSystems":true,"showVisualEffectGraphs":true,"m_FxEnabled":true},"in2DMode":false,"pivot":{"x":144.84771728515626,"y":109.5663833618164,"z":0.3288421630859375},"rotation":{"x":0.010822046548128128,"y":-0.9568572044372559,"z":0.03589721396565437,"w":0.2881990075111389},"size":4.867626190185547,"orthographic":false}