{"cameraMode":{"drawMode":0,"name":"Shaded","section":"Shading Mode"},"sceneLighting":false,"audioPlay":false,"sceneViewState":{"m_AlwaysRefresh":false,"showFog":false,"showSkybox":false,"showFlares":false,"showImageEffects":false,"showParticleSystems":false,"showVisualEffectGraphs":true,"m_FxEnabled":true},"in2DMode":false,"pivot":{"x":0.0003058314323425293,"y":0.7842187285423279,"z":0.001397639513015747},"rotation":{"x":0.08692198246717453,"y":-0.8691220879554749,"z":0.1648973673582077,"w":0.4581340253353119},"size":0.8660253882408142,"orthographic":false}